--
-- Table structure for table 'Music_Categories'
--
use test;


DROP TABLE IF EXISTS Music_Categories;
CREATE TABLE Music_Categories (
  id int(11) default NULL,
  name varchar(75) default NULL
);

--
-- Dumping data for table 'Music_Categories'
--


LOCK TABLES Music_Categories WRITE;
INSERT INTO Music_Categories VALUES (0,'Classical'),(1,'Country'),(2,'Hip-Hop'),(3,'Jazz'),(4,'Pop'),(5,'Rock');

/*!40000 ALTER TABLE Music_Categories ENABLE KEYS */;
UNLOCK TABLES;

--
-- Table structure for table 'Music_Recordings'
--

DROP TABLE IF EXISTS Music_Recordings;
CREATE TABLE Music_Recordings (
  recording_id int(11) default NULL,
  artist_name varchar(75) default NULL,
  title varchar(75) default NULL,
  category varchar(75) default NULL,
  image_name varchar(75) default NULL,
  num_tracks int(11) default NULL,
  price float default NULL,
  stock_count int(11) default NULL
);

/*!40000 ALTER TABLE Music_Recordings DISABLE KEYS */;

--
-- Dumping data for table 'Music_Recordings'
--


LOCK TABLES Music_Recordings WRITE;
INSERT INTO Music_Recordings VALUES (2000,'Beethoven','Symphonie no 6','Classical','beethoven_symphonie6.gif',2,15.99,968),(2001,'Glenn Gould - Bach','Concertos 1-7','Classical','bach_piano157.gif',9,15.99,881),(2002,'Mahler','Symphonie no 1','Classical','mahler_symphonie1.gif',8,13.99,491),(2003,'Mozart','Amadeus','Classical','mozart_amadeus.gif',12,12.99,929),(2004,'Tchaikovsky','Nutcracker','Classical','tchaikovsky_nutcracker.gif',15,15.99,0),(2005,'Clint Black','Nothing But Taillights','Country','clintblack_taillights.gif',12,10.99,850),(2006,'Dixie Chicks','Wide Open Spaces','Country','dixiechicks_wideopen.gif',12,15.99,545),(2007,'George Strait','One Step At A Time','Country','georgestrait_onestep.gif',9,11.99,719),(2008,'Shania Twain','Come On Over','Country','shaniatwain_comeonover.gif',16,14.99,566),(2009,'Shania Twain','The Woman In Me','Country','shaniatwain_thewomaninme.gif',12,13.99,703),(2010,'Shania Twain','Shania Twain','Country','shaniatwain_shaniatwain.gif',10,15.99,0),(2011,'The Judds','Heartland','Country','thejudds_heartland.gif',9,15.99,802),(2012,'Willie Nelson','Xmas Music','Country','willienelson_xmas.gif',10,11.99,949),(2013,'Beastie Boys','Licensed To Ill','Hip-Hop','beastieboys_licensedtoill.gif',13,11.99,834),(2014,'De La Soul','3 Feet High n Rising','Hip-Hop','delasoul_3feethighandrising.gif',24,10.99,455),(2015,'L.L. Cool J','Radio','Hip-Hop','llcoolj_radio.gif',10,10.99,605),(2016,'Lauryn Hill','The Miseducation','Hip-Hop','laurynhill_miseducation.gif',14,13.99,0),(2017,'Nas','Illmatic','Hip-Hop','nas_illmatic.gif',10,11.99,777),(2018,'Nas','It Was Written','Hip-Hop','nas_itwaswritten.gif',13,10.99,746),(2019,'Rakim','18th Letter','Hip-Hop','rakim_18thletter.gif',12,10.99,999),(2020,'Run DMC','Run DMC','Hip-Hop','rundmc_rundmc.gif',9,9.99,586),(2021,'Tribe Called Quest','Low End Theory','Hip-Hop','tribecalledquest_lowendtheory.gif',14,9.99,928),(2022,'Will Smith','Big Willie Style','Hip-Hop','willsmith_bigwilliestyle.gif',16,15.99,0),(2023,'Dizzy Gillespie','Groovin High','Jazz','dizzygillespie_groovinhigh.gif',13,12.99,789),(2024,'John Coltrane','Bags and Trane','Jazz','johncoltrane_bagsandtrane.gif',8,12.99,462),(2025,'Kenny G','BreathLess','Jazz','kennyg_breathless.gif',13,11.99,705),(2026,'Miles Davis','Birth of the Cool','Jazz','milesdavis_birthofcool.gif',12,12.99,945),(2027,'Najee','Just An Illusion','Jazz','najee_justanillusion.gif',13,11.99,625),(2028,'Smiley','Smile At Life','Jazz','chade_cover_final.jpg',8,15.99,0),(2029,'Backstreet Boys','Backstreet Boys','Pop','backstreet_boys.gif',12,13.99,947),(2030,'Blondie','No Exit','Pop','blondie_noexit.gif',14,14.99,676),(2031,'Cher','Believe','Pop','cher_believe.gif',9,15.99,414),(2032,'Madonna','Ray of Light','Pop','madonna_rayoflight.gif',15,9.99,874),(2033,'Men At Work','Business As Usual','Pop','menatwork_business.gif',10,9.99,671),(2034,'Michael Jackson','Thriller','Pop','michaeljackson_thriller.gif',9,15.99,0),(2035,'Spice Girls','Spice','Pop','spice_girls.gif',10,9.99,712),(2036,'Wham','Make It Big','Pop','wham_makeitbig.gif',8,14.99,717),(2037,'Bruce Springsteen','Born To Run','Rock','brucespringsteen_borntorun.gif',8,11.99,514),(2038,'Bruce Springsteen','Born In The U.S.A.','Rock','brucespringsteen_bornintheusa.gif',12,12.99,638),(2039,'Eric Clapton','Unplugged','Rock','clapton_unplugged.gif',14,11.99,597),(2040,'Grateful Dead','Built To Last','Rock','gratefuldead_builttolast.gif',9,10.99,0),(2041,'Jimmy Hendrix','Are U Experienced','Rock','hendrix_experienced.gif',16,15.99,813),(2042,'Motley Crue','Greatest Hits','Rock','motleycrue_greatesthits.gif',17,15.99,867),(2043,'Nine Inch Nails','Pretty Hate Machine','Rock','nin_prettyhatemachine.gif',10,14.99,649),(2044,'Offspring','Ignition','Rock','offspring_ignition.gif',11,12.99,548),(2045,'Pink Floyd','Atom Heart Mother','Rock','pinkfloyd_atomheartmother.gif',13,10.99,888),(2046,'Rage Against The Machine','Rage Against The Machine','Rock','rage_rage.gif',10,15.99,0),(2047,'Rolling Stones','Some Girls','Rock','rollingstones_stripped.gif',10,15.99,778),(2048,'The Hollies','Greatest Hits','Rock','thehollies_greatesthits.gif',12,13.99,512),(2049,'U2','The Best Of','Rock','u2_bestof.gif',14,14.99,943);

/*!40000 ALTER TABLE Music_Recordings ENABLE KEYS */;
UNLOCK TABLES;

--
-- Table structure for table 'Music_Tracks'
--

DROP TABLE IF EXISTS Music_Tracks;
CREATE TABLE Music_Tracks (
  id int(11) default NULL,
  recording_id int(11) default NULL,
  title varchar(75) default NULL,
  duration int(11) default NULL
);

/*!40000 ALTER TABLE Music_Tracks DISABLE KEYS */;

--
-- Dumping data for table 'Music_Tracks'
--


LOCK TABLES Music_Tracks WRITE;
INSERT INTO Music_Tracks VALUES (0,2000,'Sym no 6 In F major - Opus 68 \"Pastoral\"',1320),(1,2000,'Sym no 5 in B flat major - D 485',1501),(2,2001,'Con No 1 in d - BWV 1052: I. Allegro',350),(3,2001,'Con No 1 in d - BWV 1052: II. Adagio',390),(4,2001,'Con No 1 in d - BWV 1052: III. Allegro',360),(5,2001,'Con No 2 in E - BWV 1053: I. Allegro',370),(6,2001,'Con No 2 in E - BWV 1053: II. Siciliano',299),(7,2001,'Con No 2 in E - BWV 1053: III. Allegro',300),(8,2001,'Con No 3 in D - BWV 1054: I. Allegro',240),(9,2001,'Con No 3 in D - BWV 1054: II. Adagio E Piano Sempre',255),(10,2001,'Con No 3 in D - BWV 1054: III. Allegro',288),(11,2002,'Sym No 1: Langsam Schleppend. wie ein',340),(12,2002,'Sym No 1: Kraftig bewegt',250),(13,2002,'Sym No 1: Feierlich und gemessen',270),(14,2002,'Sym No 1: Sturmisch bewegt',389),(15,2002,'Songs of a Wayfarer: Wenn mein Schatz Hochzeit macht',401),(16,2002,'Songs of a Wayfarer: Ging heut` morgen ubers Feld',399),(17,2002,'Songs of a Wayfarer: Ich hab` ein gluhend Messer',430),(18,2002,'Songs of a Wayfarer: Die zwei bluen Augen',375),(19,2003,'Sym No 25 In g',301),(20,2003,'Ser No 10 in B-flat',400),(21,2003,'Sym No 29 in A',250),(22,2003,'Con For 2 Pno On E-flat',266),(23,2003,'Sinfonia Concertante',250),(24,2003,'Pno Con No 22 in E-Flat',279),(25,2003,'Don Giovanni K.527',401),(26,2003,'Requiem K.626: Dies Irae',408),(27,2003,'Requiem K.626: Rex Tremendae',242),(28,2003,'Requiem K.626: Confutatis',233),(29,2003,'Requiem K.626: Lacrimosa',299),(30,2003,'Pno Con No 20 In d',301),(31,2004,'Ov',450),(32,2004,'March',377),(33,2004,'Waltz of the Snowflakes',399),(34,2004,'Chocolate (Spanish Dance)',488),(35,2004,'Coffee (Arabian Dance)',377),(36,2004,'Tea (Chinese Dance)',401),(37,2004,'Russian Dance',244),(38,2004,'Dance of the Mirlitons',299),(39,2004,'Mother Cigogne and the Clowns',304),(40,2004,'Waltz of the Flowers',310),(41,2004,'The Prince and the Sugar - Plum Fairy',400),(42,2004,'Tarentella',220),(43,2004,'Dance of the Sugar - Plum Fairy',199),(44,2004,'Coda',255),(45,2004,'Final Waltz and Apotheosis',299),(46,2005,'Nothing But The Taillights',333),(47,2005,'That Something In My Life',255),(48,2005,'Our Kind of Love',303),(49,2005,'Loosen Up My Strings',304),(50,2005,'Still Holding On',444),(51,2005,'Something That We Do',266),(52,2005,'Shoes You Wearing',299),(53,2005,'You Don`t Need Me Now',325),(54,2005,'What I Feel Inside',352),(55,2005,'You Know It All',255),(56,2005,'Ode To Java',322),(57,2005,'Bitter Side Of Sweet',388),(58,2006,'I Can Love You Better',230),(59,2006,'Wide Open Spaces',240),(60,2006,'Loving Arms',260),(61,2006,'There`s Your Trouble',220),(62,2006,'You Were Mine',180),(63,2006,'Never Say Die',199),(64,2006,'Tonight The Heartache`s On Me',201),(65,2006,'Let `Er Rip',232),(66,2006,'Once You`ve Loved Somebody',199),(67,2006,'I`ll Take Care Of You',201),(68,2006,'Am I The Only One',233),(69,2006,'Give It Up or Let Me Go',255),(70,2007,'I Just Want To Dance With You',333),(71,2007,'One Step At A Time',266),(72,2007,'True',299),(73,2007,'Remember The Alamo',355),(74,2007,'Maria and Java',333),(75,2007,'We Really Shouldn`t Be Doing This',300),(76,2007,'Why Not Now',400),(77,2007,'That`s The Breaks',255),(78,2007,'Neon Row',304),(79,2008,'Man!  I Feel Like A Woman!',308),(80,2008,'I`m Holding On To Love',291),(81,2008,'Java Gets Me Every Time',327),(82,2008,'Don`t Be Stupid',285),(83,2008,'From This Moment On',183),(84,2008,'Come On Over',177),(85,2008,'When',323),(86,2008,'Whatever You Do! Don`t',326),(87,2008,'If You Want To Touch Her - Ask!',317),(88,2008,'You`re Still The One',209),(89,2008,'Honey - I`m Home',285),(90,2008,'That Don`t Impress Me Much',305),(91,2008,'Black Eyes - Blue Tears',299),(92,2008,'I Won`t Leave You Lonley',305),(93,2008,'Rock This Country!',340),(94,2008,'You`ve Got A Way',369),(95,2009,'Home Ain`t Where His Heart Is',308),(96,2009,'Any Man of Mine',291),(97,2009,'Whose Bed Have Your Boots Been Under?',300),(98,2009,'I`m Outta Here!',250),(99,2009,'Woman In Me',275),(100,2009,'Is There Life After Java?',285),(101,2009,'If It Don`t Take Two',295),(102,2009,'You Win My Love',400),(103,2009,'Raining On Our Love',244),(104,2009,'Leaving Is The Only Way Out',300),(105,2009,'No One Needs To Know',310),(106,2009,'God Bless The Child',250),(107,2010,'What Made You Say That?',208),(108,2010,'You Lay A Whole Lot Of Java On Me',308),(109,2010,'Dance With The One That Brought You',400),(110,2010,'Still Under The Weather?',410),(111,2010,'God Ain`t Gonna Getcha For That',250),(112,2010,'Got A Hold On Me',276),(113,2010,'There Goes The Neighborhood',299),(114,2010,'Forget Me',304),(115,2010,'When He Leaves You',255),(116,2010,'Crime Of The Century',333),(117,2011,'Don`t Be Cruel',277),(118,2011,'I`m Falling In Love Tonight',344),(119,2011,'Turn It Loose',333),(120,2011,'Old Pictures and Gifs',299),(121,2011,'Cow Cow Boogie',250),(122,2011,'Maybe Your Baby`s Got The Blues',288),(123,2011,'I Know Where I`m Going',333),(124,2011,'Why Don`t You Believe Me',277),(125,2011,'The Sweetest Gift',299),(126,2012,'Away In A Manger',333),(127,2012,'Deck The Halls with Java',300),(128,2012,'It Came Upon A Midnight Clear',374),(129,2012,'Joy To The World',200),(130,2012,'The First Noel',244),(131,2012,'O Little Town Of Bethlehem',342),(132,2012,'O Come All Ye Faithful',322),(133,2012,'We Wish You A Merry Christmas',355),(134,2012,'Silent Night',299),(135,2012,'Pretty Paper',301),(136,2013,'Rhyming And Hacking',199),(137,2013,'New Style',202),(138,2013,'She`s Crafty',222),(139,2013,'Posse In Effect',255),(140,2013,'Slow Ride',201),(141,2013,'Girls',223),(142,2013,'Fight For Your Right',180),(143,2013,'No Sleep Till Brooklyn',200),(144,2013,'Paul Revere',300),(145,2013,'Hold It Now - Hit It!',275),(146,2013,'Brass Monkey',250),(147,2013,'Slow And Low',222),(148,2013,'Time To Get Ill',254),(149,2014,'Intro',50),(150,2014,'Three Is The Magic Number',333),(151,2014,'Change In Speak',300),(152,2014,'Cool Breeze On The Rocks',150),(153,2014,'Can U Keep A Secret',80),(154,2014,'Jenifa Taught Me',240),(155,2014,'Ghetto Thang',199),(156,2014,'Transmitting Live From Mars',34),(157,2014,'Eye Know',200),(158,2014,'Take It Off',210),(159,2014,'Little Bit Of Soap',220),(160,2014,'Tread Water',150),(161,2014,'Potholes In My Lawn',300),(162,2014,'Say No Go',244),(163,2014,'Do As De La Does',220),(164,2014,'Plug Tunin`',210),(165,2014,'De La Java',244),(166,2014,'Buddy',180),(167,2014,'Description',23),(168,2014,'Me Myself And I',233),(169,2014,'This A Recording',180),(170,2014,'I Can Do Anything',199),(171,2014,'D.A.I.S.Y Age',222),(172,2014,'Plug Tunin` (original 12\" version)',277),(173,2015,'I Can`t Live Without My Radio',180),(174,2015,'You Can`t Dance',190),(175,2015,'Dear Yvette',200),(176,2015,'I Can Give You More',259),(177,2015,'Dangerous',242),(178,2015,'Rock The Bells',230),(179,2015,'I Need A Beat',244),(180,2015,'That`s A Lie',199),(181,2015,'You`ll Rock',211),(182,2015,'I Want You',244),(183,2016,'Lost Ones',202),(184,2016,'Ex-Factor',255),(185,2016,'To Zion',190),(186,2016,'Doo Wop',199),(187,2016,'Superstar',201),(188,2016,'Final Hour',220),(189,2016,'When It Hurts So Bad',250),(190,2016,'I Used To Love Him',290),(191,2016,'Forgive Them Father',330),(192,2016,'Every Ghetto - Every City',201),(193,2016,'Nothing Even Matters',220),(194,2016,'Everything Is Everything',230),(195,2016,'Miseducation of Lauryn Hill',210),(196,2016,'Sweetest Thing',220),(197,2017,'The Genesis',343),(198,2017,'N.Y. State Of Mind',308),(199,2017,'Life`s A Trip',239),(200,2017,'The World Is Yours',312),(201,2017,'Halftime',293),(202,2017,'Memory Lane (Sittin` In Da Park)',225),(203,2017,'One Love',221),(204,2017,'One Time 4 Your Mind',195),(205,2017,'Represent',224),(206,2017,'It Ain`t Hard To Tell',344),(207,2018,'The Message',333),(208,2018,'Street Dreams',232),(209,2018,'I Gave You Power',199),(210,2018,'Watch Those Folks',212),(211,2018,'Take It In Fun',255),(212,2018,'Nas Is Coming',243),(213,2018,'Affirmative Action',202),(214,2018,'The Set Up',300),(215,2018,'Black Girl Lost',302),(216,2018,'Suspect',236),(217,2018,'Shootouts',277),(218,2018,'Live Rap',199),(219,2018,'If I Ruled The World (Imagine That)',250),(220,2019,'18th Letter',188),(221,2019,'It`s Been A Long Time',199),(222,2019,'Remember That',201),(223,2019,'Saga Begins',222),(224,2019,'Guess Who`s Back',244),(225,2019,'Stay Awhile',212),(226,2019,'New York (Ya Out There!)',277),(227,2019,'Show Me Love',202),(228,2019,'Mystery',252),(229,2019,'When I`m Flowin',288),(230,2019,'It`s Been A Long Time',254),(231,2019,'Guess Who`s Back (remix)',222),(232,2020,'Hard Times',186),(233,2020,'Rock Box',306),(234,2020,'Jam-Master Jay',303),(235,2020,'Hollis Crew (Krush Groove 2)',337),(236,2020,'Sucker M.C.`s (Krush Groove 1)',340),(237,2020,'It`s Like That',245),(238,2020,'Wake Up',192),(239,2020,'30 Days',208),(240,2020,'Jay`s Game',300),(241,2021,'Excursions',326),(242,2021,'Buggin` Out',326),(243,2021,'Rap Promoter',283),(244,2021,'Butter',311),(245,2021,'Verses From The Abstract',268),(246,2021,'Show Business',295),(247,2021,'Vibes And Stuff',246),(248,2021,'The Infamous Date',288),(249,2021,'Check The Rhime',232),(250,2021,'Everything Is Fair',320),(251,2021,'Jazz (We`ve Got)',209),(252,2021,'Skypager',355),(253,2021,'What?',329),(254,2021,'Scenario',239),(255,2022,'Intro',184),(256,2022,'Y`All Know',328),(257,2022,'Gettin` Jiggy Wit It',215),(258,2022,'Candy - (featuring Larry Blackmon/Cameo)',291),(259,2022,'Chasing Forever',355),(260,2022,'Keith B-Real I - (interlude)',185),(261,2022,'Don`t Say Nothing',286),(262,2022,'Miami',347),(263,2022,'Yes Yes Y`all - (featuring Camp Lo)',248),(264,2022,'I Loved You',285),(265,2022,'Keith B-Real II - (interlude)',215),(266,2022,'It`s All Good',287),(267,2022,'Just The Two Of Us',322),(268,2022,'Keith B-Real III - (interlude)',225),(269,2022,'Big Willie Style - (featuring Left Eye)',275),(270,2022,'Men In Black',203),(271,2023,'Blue n Boogie',334),(272,2023,'Groovin` High',348),(273,2023,'Dizzy Atmosphere',260),(274,2023,'All The Things You Are',194),(275,2023,'Salt Peanuts',227),(276,2023,'Hot House',251),(277,2023,'Oop Bop Sh`Bam',330),(278,2023,'That`s Earl Brother',306),(279,2023,'Our Delight',271),(280,2023,'One Bass Hit (Part 2)',335),(281,2023,'Things To Come',308),(282,2023,'Ray`s Idea',254),(283,2023,'Emanon',235),(284,2024,'Stairway To The Stars - (bonus track)',336),(285,2024,'The Late Blues',351),(286,2024,'Bags And Trane',245),(287,2024,'Three Little Words',238),(288,2024,'The Night We Called It A Day',201),(289,2024,'Be-Bop',240),(290,2024,'Blues Legacy - (bonus track)',311),(291,2024,'Centerpiece - (bonus track)',225),(292,2025,'The Joy Of Life',240),(293,2025,'Forever In Love',241),(294,2025,'In The Rain',228),(295,2025,'Sentimental',337),(296,2025,'By The Time This Night Is Over - (w/Peabo Bryson)',251),(297,2025,'End Of The Night',356),(298,2025,'Alone',194),(299,2025,'Morning',191),(300,2025,'Even If My Heart Would Break - (w/Aaron Neville)',346),(301,2025,'G-Bop',218),(302,2025,'Sister Rose',277),(303,2025,'A Year Ago',307),(304,2025,'Homeland',334),(305,2026,'Move',314),(306,2026,'Jeru',222),(307,2026,'Moon Dreams',351),(308,2026,'Venus De Milo',206),(309,2026,'Budo',230),(310,2026,'Deception',341),(311,2026,'Godchild',285),(312,2026,'Boplicity',303),(313,2026,'Rocker',195),(314,2026,'Israel',340),(315,2026,'Rouge',193),(316,2026,'Darn That Dream',239),(317,2027,'Touch Of Heaven',236),(318,2027,'I Adore Mi Amore',286),(319,2027,'Just An Illusion',284),(320,2027,'Breezy',227),(321,2027,'All I Ever Ask',202),(322,2027,'Noah`s Ark',232),(323,2027,'Loving Every Moment',234),(324,2027,'Burn It Up',225),(325,2027,'Skyline',351),(326,2027,'Deep Inside Your Love',290),(327,2027,'Here We Go',234),(328,2027,'Until We Meet Again',327),(329,2027,'Whenever We`re Together',233),(330,2028,'I Am',343),(331,2028,'Which Way to Sesame Street?',308),(332,2028,'Goodnight Moon',305),(333,2028,'Glasses for D.W.',239),(334,2028,'Brown Bear',312),(335,2028,'Jamaica Tag Along',293),(336,2028,'My New Dog',275),(337,2028,'Java Da-Da',300),(338,2029,'We`ve Got It Going On',234),(339,2029,'Quit Playing Games',255),(340,2029,'As Long As You Love Me',266),(341,2029,'Everybody... Backstreet`s Back',277),(342,2029,'All I Have To Give',288),(343,2029,'Anywhere For You',299),(344,2029,'Hey Mr. DJ',200),(345,2029,'I`ll Never Break Your Heart',210),(346,2029,'Darlin`',220),(347,2029,'Get Down',230),(348,2029,'Set Adrift On Memory Bliss',234),(349,2029,'If You Want It To Be Good Girl',250),(350,2030,'Screaming Skin',275),(351,2030,'Forgive And Forget',291),(352,2030,'Maria',356),(353,2030,'No Exit',346),(354,2030,'Double Take',312),(355,2030,'Nothing Is Real But The Girl',313),(356,2030,'Boom Boom In The Zoom Zoom Room',187),(357,2030,'Night Wind Sent',344),(358,2030,'Under The Gun',278),(359,2030,'Out In The Streets',243),(360,2030,'Happy Dog (For Caggy)',247),(361,2030,'The Dream`s Lost On Me',240),(362,2030,'Divine',235),(363,2030,'Dig Up The Conjo',203),(364,2031,'Believe',190),(365,2031,'Power',200),(366,2031,'Runaway',260),(367,2031,'All Or Nothing',230),(368,2031,'Strong Enough',222),(369,2031,'Takin Back My Heart',277),(370,2031,'Taxi Taxi',180),(371,2031,'Love Is The Groove',199),(372,2031,'We All Sleep Alone',200),(373,2032,'Drowned World',280),(374,2032,'Substitute For Love',333),(375,2032,'Swim',300),(376,2032,'Ray Of Light',265),(377,2032,'Candy Perfume Girl',229),(378,2032,'Skin',332),(379,2032,'Nothing Really Matters',207),(380,2032,'Sky Fits Heaven',225),(381,2032,'Shanti',326),(382,2032,'Ashtangi',218),(383,2032,'Frozen',334),(384,2032,'The Power Of Good-Bye',215),(385,2032,'To Have And Not To Hold',319),(386,2032,'Little Star',258),(387,2032,'Mer Girl',237),(388,2033,'Who Can It Be Now',220),(389,2033,'I Can See It In Your Eyes',250),(390,2033,'Down Under',233),(391,2033,'Underground',244),(392,2033,'Helpless Automation',277),(393,2033,'People Just Love To Play With Words',211),(394,2033,'Be Good Johnny',202),(395,2033,'Down By The Sea',190),(396,2033,'Touching The Untouchables',222),(397,2033,'Catch A Star',233),(398,2034,'Wanna Be Startin` Somethin`',233),(399,2034,'Baby Be Mine',244),(400,2034,'Girl Is Mine',199),(401,2034,'Thriller',201),(402,2034,'Beat It',222),(403,2034,'Billie Jean',255),(404,2034,'Human Nature',201),(405,2034,'P.Y.T. (Pretty Young Thing)',210),(406,2034,'Lady In My Life',250),(407,2035,'Wannabe',220),(408,2035,'Say You`ll Be There',230),(409,2035,'2 Become 1',250),(410,2035,'Love Thing',270),(411,2035,'Last Time Lover',220),(412,2035,'Mama',255),(413,2035,'Who Do You Think You Are',251),(414,2035,'Something Kinda Funny',277),(415,2035,'Naked',180),(416,2035,'If U Can`t Dance',190),(417,2036,'Wake Me Up Before You Go-Go',200),(418,2036,'Everything She Wants',199),(419,2036,'Heartbeat',236),(420,2036,'Like A Baby',220),(421,2036,'Freedom',250),(422,2036,'If You Were There',260),(423,2036,'Credit Card Baby',270),(424,2036,'Careless Whisper',290),(425,2037,'Thunder Road',333),(426,2037,'Tenth Avenue Freeze-Out',200),(427,2037,'Night',220),(428,2037,'Backstreets',240),(429,2037,'Born To Run',260),(430,2037,'She`s The One',270),(431,2037,'Meeting Across The River',280),(432,2037,'Javaland',290),(433,2038,'Born In The U.S.A',310),(434,2038,'Cover Me',333),(435,2038,'Darlington County',288),(436,2038,'Working On The Highway',299),(437,2038,'Downbound Train',220),(438,2038,'Java`s On Fire',230),(439,2038,'No Surrender',245),(440,2038,'Bobby Jean',265),(441,2038,'I`m Going Down',275),(442,2038,'Glory Days',285),(443,2038,'Dancing In The Dark',266),(444,2038,'My Hometown',375),(445,2039,'Signe',275),(446,2039,'Before You Accuse Me',200),(447,2039,'Hey Hey',230),(448,2039,'Tears In Heaven',250),(449,2039,'Lonely Stranger',201),(450,2039,'Nobody Knows You',188),(451,2039,'Layla',244),(452,2039,'Running On Faith',277),(453,2039,'Walking Blues',233),(454,2039,'Alberta',210),(455,2039,'San Francisco Bay Blues',202),(456,2039,'Malted Java',233),(457,2039,'Old Love',255),(458,2039,'Rollin` and Tumblin',255),(459,2040,'Picasso Moon',244),(460,2040,'I Will Take You Home',222),(461,2040,'Just A Little Light',180),(462,2040,'Blow Away',199),(463,2040,'Foolish Heart',201),(464,2040,'We Can Run',258),(465,2040,'Standing On The Moon',222),(466,2040,'Victim Or The Crime',194),(467,2040,'Built To Last',238),(468,2041,'Purple Haze',202),(469,2041,'Manic Depression',290),(470,2041,'Hey Joe',180),(471,2041,'Love Of Confusion',188),(472,2041,'May This Be Love',244),(473,2041,'I Don`t Live Today',233),(474,2041,'The Wind Cries Mary',247),(475,2041,'Fire',199),(476,2041,'Third Stone From The Sun',266),(477,2041,'Foxey Lady',204),(478,2041,'Are You Experienced?',219),(479,2041,'Stone Free',176),(480,2041,'51st Anniversary',206),(481,2041,'Highway Chile',220),(482,2041,'Remember',240),(483,2041,'Red House',188),(484,2042,'Bitter Pill - (previously unreleased)',351),(485,2042,'Enslaved - (previously unreleased)',192),(486,2042,'Girls Girls Girls',291),(487,2042,'Kickstart My Heart',339),(488,2042,'Wild Side',327),(489,2042,'Glitter - (remix)',285),(490,2042,'Dr. Feelgood',309),(491,2042,'Same Ol` Situation',184),(492,2042,'Home Sweet Home',189),(493,2042,'Who`s Afraid of Java?',249),(494,2042,'Don`t Go Away Mad (Just Go Away)',300),(495,2042,'Without You',197),(496,2042,'Smokin` In The Boys Room',323),(497,2042,'Primal Scream',271),(498,2042,'Too Fast For Love',326),(499,2042,'Looks That Kill',317),(500,2042,'Shout At The Devil `97',209),(501,2043,'Head Like A Hole',230),(502,2043,'Terrible Lie',211),(503,2043,'Down In It',180),(504,2043,'Sanctified',255),(505,2043,'Something I Can Never Have',244),(506,2043,'Kinda I Want To',202),(507,2043,'Sin',205),(508,2043,'That`s What I Get',180),(509,2043,'Only Time',221),(510,2043,'Ring Finger',250),(511,2044,'Session',277),(512,2044,'We Are One',180),(513,2044,'Kick Him When He`s Down',233),(514,2044,'Take It Like A Man',187),(515,2044,'Get It Right',199),(516,2044,'Dirty Magic',220),(517,2044,'Hypodermic',210),(518,2044,'Burn It Up',250),(519,2044,'L.A.P.D',222),(520,2044,'Nothing From Something',211),(521,2044,'Forever And A Day',255),(522,2045,'Father`s Shout',338),(523,2045,'Milky',325),(524,2045,'Mother Fore',207),(525,2045,'Funky Dung',214),(526,2045,'Mind Your Throats Please',306),(527,2045,'Remergence',198),(528,2045,'If',214),(529,2045,'Summer `68',281),(530,2045,'Fat Old Sun',216),(531,2045,'Rise And Shine',248),(532,2045,'Sunny Side Up',226),(533,2045,'Morning Glory',198),(534,2045,'The Wedding Song',212),(535,2046,'Bombtrack',277),(536,2046,'Killing In The Name',180),(537,2046,'Take The Power Back',220),(538,2046,'Settle For Nothing',199),(539,2046,'Bullet In The Head',255),(540,2046,'Know Your Enemy',202),(541,2046,'Wake Up',188),(542,2046,'Fistful Of Steel',220),(543,2046,'Township Rebellion',210),(544,2046,'Freedom',250),(545,2047,'Miss You',200),(546,2047,'When The Whip Comes Down',180),(547,2047,'Just My Imagination',201),(548,2047,'Some Girls',244),(549,2047,'Lies',232),(550,2047,'Far Away Eyes',266),(551,2047,'Respectable',202),(552,2047,'Before They Make Me Run',188),(553,2047,'Beast Of Burden',205),(554,2047,'Shattered',211),(555,2048,'Just One Look',180),(556,2048,'Look Through Any Window',190),(557,2048,'Bus Stop',250),(558,2048,'Stop Stop Stop',220),(559,2048,'On A Carousel',210),(560,2048,'Carrie Ann',222),(561,2048,'Dear Eloise',233),(562,2048,'He Ain`t Heavy',199),(563,2048,'Long Cool Woman',175),(564,2048,'Long Dark Road',243),(565,2048,'Air That I Breathe',222),(566,2048,'Another Night',201),(567,2049,'Pride (In The Name Of Love)',327),(568,2049,'New Year`s Day',216),(569,2049,'With Or Without You',215),(570,2049,'I Still Haven`t Found What I`m Looking For',198),(571,2049,'Sunday Bloody Sunday',241),(572,2049,'Bad',323),(573,2049,'Where The Streets Have No Name',230),(574,2049,'I Will Follow',321),(575,2049,'The Unforgettable Fire',254),(576,2049,'Sweetest Thing - (The Single mix)',332),(577,2049,'Desire',328),(578,2049,'When Love Comes To Town',294),(579,2049,'Angel Of Harlem',330),(580,2049,'All I Want Is You',288);

/*!40000 ALTER TABLE Music_Tracks ENABLE KEYS */;
UNLOCK TABLES;

